그룹,계열,관측수,평균,표준편차,최소,25%,중앙값,75%,최대,시작 SOC,끝 SOC,총 하락폭,평균 하락률(분당)
온도,-20degc,185,0.6683,0.2235,0.25,0.476,0.706,0.862,1.0,1.0,0.25,0.75,0.002
온도,-10degc,229,0.6654,0.2206,0.25,0.4739,0.6848,0.8632,1.0,1.0,0.25,0.75,0.0016
온도,0degc,251,0.706,0.2247,0.25,0.5197,0.7452,0.9125,1.0,1.0,0.25,0.75,0.0015
온도,10degc,256,0.7192,0.2266,0.25,0.5314,0.7665,0.9299,1.0,1.0,0.25,0.75,0.0015
온도,25degc,293,0.7005,0.2443,0.25,0.4836,0.7295,0.9562,1.0,1.0,0.25,0.75,0.0013
온도,45degc,290,0.6938,0.239,0.25,0.4822,0.7147,0.9422,1.0,1.0,0.25,0.75,0.0013
고도,1100고지(100),189,0.4902,0.2249,0.105,0.238,0.5252,0.6736,0.9,0.9,0.105,0.795,0.0042
고도,성판악(150),239,0.5063,0.2174,0.15,0.39,0.546,0.7,0.9,0.9,0.15,0.75,0.0032
고도,해안도로(70),359,0.5728,0.1956,0.15,0.4167,0.5778,0.7389,0.9,0.9,0.15,0.75,0.0021
노후도,bank1,300,0.5439,0.1386,0.3698,0.3964,0.5309,0.6654,0.8,0.8,0.38,0.42,0.0014
노후도,bank2,300,0.4099,0.1965,0.18,0.2235,0.373,0.5758,0.8,0.8,0.18,0.62,0.0021
노후도,bank3,300,0.319,0.2648,0.0,0.0451,0.2972,0.5533,0.8,0.8,0.0,0.8,0.0027
