그룹,계열,구간 시작 t,구간 끝 t,시작 SOC,끝 SOC,증가량,계열 총 하락폭 대비(%)
고도,1100고지(100),29,30,0.65,0.6516,0.0015999999999999348,0.20125786163521192
고도,1100고지(100),30,31,0.6516,0.6532,0.0016000000000000458,0.20125786163522588
고도,1100고지(100),31,32,0.6532,0.6548,0.0016000000000000458,0.20125786163522588
고도,1100고지(100),32,33,0.6548,0.6564,0.0015999999999999348,0.20125786163521192
고도,1100고지(100),33,34,0.6564,0.658,0.0016000000000000458,0.20125786163522588
고도,1100고지(100),34,35,0.658,0.6596,0.0015999999999999348,0.20125786163521192
고도,1100고지(100),35,36,0.6596,0.6612,0.0016000000000000458,0.20125786163522588
고도,1100고지(100),36,37,0.6612,0.6628,0.0015999999999999348,0.20125786163521192
고도,1100고지(100),37,38,0.6628,0.664399999999999,0.0015999999999990466,0.2012578616351002
고도,1100고지(100),38,39,0.664399999999999,0.665999999999999,0.0016000000000000458,0.20125786163522588
고도,1100고지(100),39,40,0.665999999999999,0.667599999999999,0.0015999999999999348,0.20125786163521192
고도,1100고지(100),40,41,0.667599999999999,0.669199999999999,0.0016000000000000458,0.20125786163522588
고도,1100고지(100),41,42,0.669199999999999,0.670799999999999,0.0015999999999999348,0.20125786163521192
고도,1100고지(100),42,43,0.670799999999999,0.672399999999999,0.0016000000000000458,0.20125786163522588
고도,1100고지(100),43,44,0.672399999999999,0.673999999999999,0.0016000000000000458,0.20125786163522588
고도,1100고지(100),44,45,0.673999999999999,0.675599999999999,0.0015999999999999348,0.20125786163521192
고도,1100고지(100),45,46,0.675599999999999,0.677199999999999,0.0016000000000000458,0.20125786163522588
고도,1100고지(100),46,47,0.677199999999999,0.678799999999999,0.0015999999999999348,0.20125786163521192
고도,1100고지(100),47,48,0.678799999999999,0.680399999999999,0.0016000000000000458,0.20125786163522588
고도,1100고지(100),48,49,0.680399999999999,0.681999999999999,0.0016000000000000458,0.20125786163522588
고도,1100고지(100),49,50,0.681999999999999,0.683599999999999,0.0015999999999999348,0.20125786163521192
고도,1100고지(100),50,51,0.683599999999999,0.685199999999999,0.0016000000000000458,0.20125786163522588
고도,1100고지(100),51,52,0.685199999999999,0.686799999999999,0.0015999999999999348,0.20125786163521192
고도,1100고지(100),52,53,0.686799999999999,0.688399999999998,0.0015999999999990466,0.2012578616351002
고도,1100고지(100),53,54,0.688399999999998,0.689999999999998,0.0015999999999999348,0.20125786163521192
고도,1100고지(100),54,55,0.689999999999998,0.691599999999998,0.0016000000000000458,0.20125786163522588
고도,1100고지(100),55,56,0.691599999999998,0.693199999999998,0.0016000000000000458,0.20125786163522588
고도,1100고지(100),56,57,0.693199999999998,0.694799999999998,0.0015999999999999348,0.20125786163521192
고도,1100고지(100),57,58,0.694799999999998,0.696399999999998,0.0016000000000000458,0.20125786163522588
고도,1100고지(100),58,59,0.696399999999998,0.7,0.003600000000001935,0.4528301886794887
고도,1100고지(100),90,91,0.5,0.5014,0.0013999999999999568,0.1761006289308122
고도,1100고지(100),91,92,0.5014,0.5028,0.0014000000000000679,0.17610062893082615
고도,1100고지(100),92,93,0.5028,0.5042,0.0013999999999999568,0.1761006289308122
고도,1100고지(100),93,94,0.5042,0.5056,0.0014000000000000679,0.17610062893082615
고도,1100고지(100),94,95,0.5056,0.507,0.0013999999999999568,0.1761006289308122
고도,1100고지(100),95,96,0.507,0.5084,0.0013999999999999568,0.1761006289308122
고도,1100고지(100),96,97,0.5084,0.5098,0.0014000000000000679,0.17610062893082615
고도,1100고지(100),97,98,0.5098,0.5112,0.0013999999999999568,0.1761006289308122
고도,1100고지(100),98,99,0.5112,0.5126,0.0013999999999999568,0.1761006289308122
고도,1100고지(100),99,100,0.5126,0.514,0.0014000000000000679,0.17610062893082615
고도,1100고지(100),100,101,0.514,0.5154,0.0013999999999999568,0.1761006289308122
고도,1100고지(100),101,102,0.5154,0.516799999999999,0.0013999999999990687,0.17610062893070044
고도,1100고지(100),102,103,0.516799999999999,0.518199999999999,0.0013999999999999568,0.1761006289308122
고도,1100고지(100),103,104,0.518199999999999,0.519599999999999,0.0013999999999999568,0.1761006289308122
고도,1100고지(100),104,105,0.519599999999999,0.520999999999999,0.0014000000000000679,0.17610062893082615
고도,1100고지(100),105,106,0.520999999999999,0.522399999999999,0.0013999999999999568,0.1761006289308122
고도,1100고지(100),106,107,0.522399999999999,0.523799999999999,0.0014000000000000679,0.17610062893082615
고도,1100고지(100),107,108,0.523799999999999,0.525199999999999,0.0013999999999999568,0.1761006289308122
고도,1100고지(100),108,109,0.525199999999999,0.526599999999999,0.0013999999999999568,0.1761006289308122
고도,1100고지(100),109,110,0.526599999999999,0.527999999999999,0.0014000000000000679,0.17610062893082615
고도,1100고지(100),110,111,0.527999999999999,0.529399999999999,0.0013999999999999568,0.1761006289308122
고도,1100고지(100),111,112,0.529399999999999,0.530799999999999,0.0014000000000000679,0.17610062893082615
고도,1100고지(100),112,113,0.530799999999999,0.532199999999999,0.0013999999999999568,0.1761006289308122
고도,1100고지(100),113,114,0.532199999999999,0.533599999999999,0.0013999999999999568,0.1761006289308122
고도,1100고지(100),114,115,0.533599999999999,0.534999999999999,0.0014000000000000679,0.17610062893082615
고도,1100고지(100),115,116,0.534999999999999,0.536399999999999,0.0013999999999999568,0.1761006289308122
고도,1100고지(100),116,117,0.536399999999999,0.54,0.003600000000001047,0.45283018867937697
고도,성판악(150),59,60,0.695,0.7,0.0050000000000000044,0.6666666666666672
고도,성판악(150),60,61,0.7,0.705,0.0050000000000000044,0.6666666666666672
고도,성판악(150),61,62,0.705,0.71,0.0050000000000000044,0.6666666666666672
고도,성판악(150),62,63,0.71,0.715,0.0050000000000000044,0.6666666666666672
고도,성판악(150),63,64,0.715,0.72,0.0050000000000000044,0.6666666666666672
고도,성판악(150),64,65,0.72,0.725,0.0050000000000000044,0.6666666666666672
고도,성판악(150),65,66,0.725,0.73,0.0050000000000000044,0.6666666666666672
고도,성판악(150),66,67,0.73,0.735,0.0050000000000000044,0.6666666666666672
고도,성판악(150),67,68,0.735,0.74,0.0050000000000000044,0.6666666666666672
고도,성판악(150),68,69,0.74,0.745,0.0050000000000000044,0.6666666666666672
고도,성판악(150),69,70,0.745,0.75,0.0050000000000000044,0.6666666666666672
고도,성판악(150),110,111,0.546,0.56,0.014000000000000012,1.8666666666666683
고도,성판악(150),111,112,0.56,0.574,0.013999999999999901,1.8666666666666536
고도,성판악(150),112,113,0.574,0.58,0.006000000000000005,0.8000000000000007
고도,성판악(150),116,117,0.58,0.585,0.0050000000000000044,0.6666666666666672
고도,성판악(150),149,150,0.4,0.401,0.0010000000000000009,0.13333333333333347
고도,성판악(150),150,151,0.401,0.402,0.0010000000000000009,0.13333333333333347
고도,성판악(150),151,152,0.402,0.403,0.0010000000000000009,0.13333333333333347
고도,성판악(150),152,153,0.403,0.404,0.0010000000000000009,0.13333333333333347
고도,성판악(150),153,154,0.404,0.405,0.0010000000000000009,0.13333333333333347
고도,성판악(150),154,155,0.405,0.406,0.0010000000000000009,0.13333333333333347
고도,성판악(150),155,156,0.406,0.407,0.0009999999999999454,0.13333333333332603
고도,성판악(150),156,157,0.407,0.408,0.0010000000000000009,0.13333333333333347
고도,성판악(150),157,158,0.408,0.409,0.0010000000000000009,0.13333333333333347
고도,성판악(150),158,159,0.409,0.41,0.0010000000000000009,0.13333333333333347
고도,성판악(150),159,160,0.41,0.411,0.0010000000000000009,0.13333333333333347
고도,성판악(150),160,161,0.411,0.412,0.0010000000000000009,0.13333333333333347
고도,성판악(150),161,162,0.412,0.413,0.0010000000000000009,0.13333333333333347
고도,성판악(150),162,163,0.413,0.414,0.0010000000000000009,0.13333333333333347
고도,성판악(150),163,164,0.414,0.415,0.0010000000000000009,0.13333333333333347
노후도,bank1,240,241,0.369800000000333,0.38,0.010199999999667031,2.42857142849215
