그룹,계열,관측수,시간간격(분),시작 t,끝 t,시작 SOC,끝 SOC,기울기 변경점 수,SOC 증가 구간 수
온도,-20degc,185,2,1,369,1.0,0.25,2,0
온도,-10degc,229,2,1,457,1.0,0.25,2,0
온도,0degc,251,2,1,501,1.0,0.25,4,0
온도,10degc,256,2,1,511,1.0,0.25,5,0
온도,25degc,293,2,1,585,1.0,0.25,4,0
온도,45degc,290,2,1,579,1.0,0.25,4,0
고도,1100고지(100),189,1,1,189,0.9,0.105,11,57
고도,성판악(150),239,1,1,239,0.9,0.15,18,30
고도,해안도로(70),359,1,1,359,0.9,0.15,2,0
노후도,bank1,300,1,1,300,0.8,0.38,2,1
노후도,bank2,300,1,1,300,0.8,0.18,4,0
노후도,bank3,300,1,1,300,0.8,0.0,4,0
