파일,행,열,시간 컬럼,값 컬럼,시간 최소,시간 최대,"시간 간격(분, 고유값)",값 최소,값 최대,결측 셀 비율(%)
bank soc_배터리 수명에 따른.xlsx,300,4,시간(분)/soc,"bank1, bank2, bank3",1.0,300.0,1,0.0,0.8,0.0
bank_SOC.xlsx,300,4,시간(분)/soc,"bank1, bank2, bank3",1.0,300.0,1,0.0,0.8,0.0
soc에따른 주행거리.xlsx,100,3,(없음),"SOC, 주행거리",,,,1.0,638.3333333333334,0.0
고도_SOC.xlsx,359,4,시간(분),"1100고지(100), 성판악(150), 해안도로(70)",1.0,359.0,1,0.105,0.9,26.92664809656453
데이터.xlsx,241,14,시간(분),"-20degc, -10degc, 0degc, 10degc, 25degc, 45degc, 1100고지(100), 성판악(150), 해안도로(70), bank1, bank2, bank3",1.0,241.0,1,0.0,1.0,26.763485477178424
배터리 고도-전압fig5.xlsx,359,4,시간(분),"1100고지(100), 성판악(150), 해안도로(70)",1.0,359.0,1,316.0,391.0,26.92664809656453
예측결과.xlsx,100,5,시간(분),"pred_SOC, test_SOC, 예상주행거리, 실제주행거리",260.0,359.0,1,0.0,280.8666666666667,0.0
온도_SOC.xlsx,293,7,시간(분),"-20degc, -10degc, 0degc, 10degc, 25degc, 45degc",1.0,585.0,2,0.25,1.0,14.448236632536974
온도에 따른 soc_fig4.xlsx,293,7,시간(분),"-20degc, -10degc, 0degc, 10degc, 25degc, 45degc",1.0,585.0,2,0.25,1.0,14.448236632536974
주행 속도와 soc_하이브리드.xlsx,60,4,시간(분)/soc량,"저속주행, 시내 주행, 고속 주행",1.0,60.0,1,68.8200000000002,73.0000000001608,0.0
주행거리.xlsx,100,3,(없음),"SOC, 주행거리",,,,1.0,638.3333333333334,0.0
