seed,R2,MAE,MSE,RMSE,MAPE,MPE,최적
0,0.9997799434028973,0.002956756756756755,1.0539459459459413e-05,0.0032464533662844154,0.5433935504783524,0.30052681733527864,"{'bootstrap': False, 'max_features': 4, 'n_estimators': 10}"
1,0.999800207742353,0.0026108108108108038,1.0048648648648543e-05,0.003169960354428513,0.4985954071012547,0.20735332514700208,"{'bootstrap': False, 'max_features': 4, 'n_estimators': 10}"
2,0.9997871836226616,0.002945945945945977,1.1793513513513652e-05,0.0034341685330678885,0.5874117902103785,0.2749810368847473,"{'bootstrap': False, 'max_features': 4, 'n_estimators': 10}"
3,0.9996781934054206,0.0034270270270270412,1.4981621621621647e-05,0.003870609980561416,0.6304825688012013,0.2861500801023311,"{'bootstrap': False, 'max_features': 8, 'n_estimators': 10}"
4,0.9996856345652552,0.0034810810810810954,1.656000000000009e-05,0.004069397989875172,0.7053601315335384,0.17134079552117645,"{'bootstrap': False, 'max_features': 4, 'n_estimators': 10}"
5,0.9997342627306275,0.0029891891891891884,1.1825945945945865e-05,0.0034388873121906547,0.5047906943460234,0.16242186139666545,"{'bootstrap': False, 'max_features': 4, 'n_estimators': 10}"
6,0.9997202946868822,0.0031513513513513687,1.2528648648648766e-05,0.0035395831179178103,0.5054135065107629,0.21897359623931556,"{'bootstrap': False, 'max_features': 8, 'n_estimators': 10}"
7,0.9997428339710862,0.002967567567567571,1.1730810810810818e-05,0.0034250271255583976,0.6052972647520269,0.14510515651489675,"{'bootstrap': False, 'max_features': 4, 'n_estimators': 10}"
8,0.9997818979231216,0.0029783783783784044,1.1101621621621732e-05,0.0033319096058599387,0.5659096545086592,0.3949135677040059,"{'bootstrap': False, 'max_features': 8, 'n_estimators': 10}"
9,0.9997856099771654,0.0027027027027027154,9.952432432432502e-06,0.0031547476020170775,0.46070730005277694,0.2745204642580142,"{'bootstrap': False, 'max_features': 4, 'n_estimators': 10}"
