그룹,계열,B0 지속 (변화 없음),B1 직전 기울기 연장,B2 3구간 평균 기울기 연장,M1 RF 수준 직접 예측 (2021 방식),M2 GridSearch 최적 (기울기 예측)
고도,1100고지(100),10.354838709677445,10.064516129032242,10.66451612903224,2.332945161354549,6.164395618612512
고도,성판악(150),8.365853658536585,17.804878048780495,17.87804878048781,10.944441013530374,6.55133836003894
고도,해안도로(70),8.132307692307386,2.8799999999993413,2.584615384615205,3.3586486550238632,2.598296492682085
노후도,bank1,0.5933333333393777,2.4999999999642806,2.399999999964445,4.444181968983475,3.213459831986379
노후도,bank2,1.6444444444444448,1.7999999999999996,1.911111111111111,8.631322222788082,1.6157850991220215
노후도,bank3,1.5844444434904525,2.410000000323998,2.571111111480109,7.342249998908551,1.9517654142643484
온도,-10degc,5.5809523809559,0.030952380951447072,0.03095238095143782,1.1813081850828444,0.042214285713154005
온도,-20degc,7.488235294117647,0.011764705882366177,0.011764705882364217,1.0246890374335724,0.24103626006106077
온도,0degc,6.315319148936156,0.01531914893624636,0.015319148936219194,0.5839910058029545,0.21347327814543926
온도,10degc,6.4652083333332975,0.015208333333435626,0.01520833333341585,0.7037375000007793,0.24117988348017472
온도,25degc,4.799999999999976,8.185371572463654e-14,5.964925523213341e-14,1.3293929184462183,0.006621428571451548
온도,45degc,4.664909090902685,0.014909090910225731,0.014909090910224116,1.307281556490637,0.0207805194815998
