H(분),모델,MAE(%p),R2,지속 대비 MAE 감소율(%)
2,B0 지속 (변화 없음),0.31429252781699496,0.9987782936779218,0.0
2,B1 직전 기울기 연장,0.02705882352464413,0.9997421225671849,91.39056098069254
2,B2 3구간 평균 기울기 연장,0.0307366189674048,0.9998105392747798,90.22037870868441
2,M1 RF 수준 직접 예측 (2021 방식),0.38016996497467337,0.9981676706301891,-20.96054831950611
2,M2 GridSearch 최적 (기울기 예측),0.08297069470602951,0.9997820492790005,73.6008058217848
10,B0 지속 (변화 없음),1.562824675288059,0.9722434593064202,0.0
10,B1 직전 기울기 연장,0.3346266233724912,0.9791621259123539,78.58834527866583
10,B2 3구간 평균 기울기 연장,0.37017857142576205,0.9791054190789021,76.31349329971829
10,M1 RF 수준 직접 예측 (2021 방식),1.3322723440537918,0.9750884014248264,14.752283789720167
10,M2 GridSearch 최적 (기울기 예측),0.7054346727813618,0.9852196324470448,54.861560356964766
30,B0 지속 (변화 없음),5.199517241290661,0.7022910270778178,0.0
30,B1 직전 기울기 연장,2.750879310371656,0.49441121415274014,47.093563061465815
30,B2 3구간 평균 기울기 연장,2.771051724169011,0.5278123553306688,46.70559600873329
30,M1 RF 수준 직접 예측 (2021 방식),3.6769184739147205,0.8027172622391093,29.28346415095241
30,M2 GridSearch 최적 (기울기 예측),1.7721554932377221,0.8991139912505909,65.91692245648126
60,B0 지속 (변화 없음),11.868574144374733,-0.38486211997532505,0.0
60,B1 직전 기울기 연장,6.354201521380684,-0.3089251680397078,46.46196380386315
60,B2 3구간 평균 기울기 연장,6.218460076504393,-0.19692116660843428,47.605668542318426
60,M1 RF 수준 직접 예측 (2021 방식),6.700874334607801,0.25235127405531155,43.54103321009484
60,M2 GridSearch 최적 (기울기 예측),9.53372938573887,0.04685976699799821,19.67249587215575
