피해야 할 문장,근거(코드 출력)
「R² 0.9999로 SOC를 정확히 예측」,결측여부+시간 선형회귀만으로 R² 0.992가 나옴 (Q2)
「MAPE inf는 SOC가 낮은 구간 때문」,"v4 테스트셋의 정답 0 행 1개 때문이며, 그 행을 빼면 MAPE 33.65% (Q2)"
「시간순으로 검증했으니 안전하다」,"2021 정답 그대로 시간순 R² 평균 0.963, 단일 계열 정답으로 바꾸면 RF R² 최소 -6.239 (Q3)"
「머신러닝이 단순 기울기 연장보다 우수」,"B1·B2가 M2 이하인 H: [2, 10, 60]. H별 최소 MAE 모델: H=2 B1, H=10 B1, H=30 M2, H=60 B2 (Q4)"
「가까운 시점 R²가 높으니 모델이 좋다」,학습 없는 지속 예측의 H=2 R² 0.9988 (Q4)
「2021 제출 코드(SOC예측코드.ipynb)의 R² 0.9841은 재현된다」,"저장값 0.9841 / 현재 폴더 데이터로 seed 10개 재현 [0.9997, 0.9998]: 범위 밖 (Q1-b)"
「수준을 직접 예측하는 2021 방식은 기울기 예측보다 항상 나쁘다」,"H별 M1/M2 MAE 배율 {2: 4.58, 10: 1.89, 30: 2.07, 60: 0.7} (1 미만이면 M1이 더 좋음) (Q4)"
「조건 변수(온도·고도·SOH)를 넣으면 항상 좋아진다」,"H별 MAE 변화 {2: -0.0063, 10: 0.0481, 30: 0.0314, 60: -3.2252} (Q4)"
「오차는 모델이 약해서 생긴다」,H=30 B1 오차의 100.0%가 변경점 포함 행(27.6%)에서 발생 (Q5)
「주행거리 383km는 그대로 사용 가능」,"2021 환산표는 수정식의 1.6667배, 383km·60kWh는 차종 근거 없는 가정값 (Q6)"
「안전 여유를 두면 과대 추정이 사라진다」,여유 2.28km 적용 후에도 과대 추정 22.0% 남음 (Q6)
「SOC 증가 구간은 회생제동의 결과」,"증가 구간이 있는 계열 ['1100고지(100)', 'bank1', '성판악(150)']. 원인은 이 데이터로 확인하지 못함 (Q0, 원인은 문서 인용)"
